"DATASETIDENTIFIERCODE","ELECTRONICMAILADDRESS","FEATURE","METADATASTANDARDVERSION","OPERATESON","ORGANISATION","PROTOCOL","RESULTMESSAGE","SERVICEIDENTIFIERCODE","SERVICEPROTOCOL","SERVICETYPE","SORTEDREFS","TITLE","URL"
"2d4ec7e6-50ae-4c71-bd20-5b9211e2135f","[BeheerPDOK@kadaster.nl, BeheerPDOK@kadaster.nl]","Operates on has matching Inspire dataset","Nederlands metadata profiel op ISO 19119 voor services 2.0","https://www.nationaalgeoregister.nl/geonetwork/srv/dut/csw?service=CSW&request=GetRecordById&version=2.0.2&outputSchema=http://www.isotc211.org/2005/gmd&elementSetName=full&id=2d4ec7e6-50ae-4c71-bd20-5b9211e2135f#MD_DataIdentification","Beheer PDOK","OGC:WMS","Operates on:2d4ec7e6-50ae-4c71-bd20-5b9211e2135f not found in Inspire CSW endpoint in service: 684ff4f6-1652-45a8-93f0-8e16d37b2a66 Waterschappen Administratieve eenheden INSPIRE WMS","684ff4f6-1652-45a8-93f0-8e16d37b2a66","wms","view","","Waterschappen Administratieve eenheden INSPIRE WMS","https://geodata.nationaalgeoregister.nl/hwh/eenheden/wms/v1_0?SERVICE=WMS&VERSION=1.3.0&REQUEST=GetCapabilities"
"ed960299-a147-4c1a-bc57-41ff83a2264f","[beheerpdok@kadaster.nl, beheerpdok@kadaster.nl]","Operates on has matching Inspire dataset","Nederlands metadata profiel op ISO 19119 voor services 2.1.0","https://www.nationaalgeoregister.nl:443/geonetwork/srv/dut/csw?service=CSW&request=GetRecordById&version=2.0.2&outputSchema=http://www.isotc211.org/2005/gmd&elementSetName=full&id=ed960299-a147-4c1a-bc57-41ff83a2264f#MD_DataIdentification","Beheer PDOK","OGC:WMS","Operates on:ed960299-a147-4c1a-bc57-41ff83a2264f not found in Inspire CSW endpoint in service: ac3a9efe-2154-4a4c-aae3-ea269044945d BRO - Bodemkaart WMS","ac3a9efe-2154-4a4c-aae3-ea269044945d","wms","view","","BRO - Bodemkaart WMS","https://geodata.nationaalgeoregister.nl/bzk/bro-bodemkaart/wms/v1_0?request=GetCapabilities&service=wms"
"29d5310f-dd0d-45ba-abad-b4ffc6b8785f af0c582f-9e6b-46e6-865a-fc3a2d5289b9 81ff84ec-42a4-4481-840b-12713bbb5d38 3eebf700-5abf-42e4-826c-03cfb497e366 4b282988-cb91-4bbc-b147-f653014917cb 9d9f1738-aced-47c9-aaa0-c62474a2dcfb","[beheerPDOK@kadaster.nl, beheerPDOK@kadaster.nl]","Operates on has matching Inspire dataset","Nederlands metadata profiel op ISO 19119 voor services 2.1.0","[http://nationaalgeoregister.nl/geonetwork/srv/dut/csw?service=CSW&version=2.0.2&request=GetRecordById&outputschema=http://www.isotc211.org/2005/gmd&elementsetname=full&id=29d5310f-dd0d-45ba-abad-b4ffc6b8785f#MD_DataIdentification, http://nationaalgeoregister.nl/geonetwork/srv/dut/csw?service=CSW&version=2.0.2&request=GetRecordById&outputschema=http://www.isotc211.org/2005/gmd&elementsetname=full&id=af0c582f-9e6b-46e6-865a-fc3a2d5289b9#MD_DataIdentification, http://nationaalgeoregister.nl/geonetwork/srv/dut/csw?service=CSW&version=2.0.2&request=GetRecordById&outputschema=http://www.isotc211.org/2005/gmd&elementsetname=full&id=81ff84ec-42a4-4481-840b-12713bbb5d38#MD_DataIdentification, http://nationaalgeoregister.nl/geonetwork/srv/dut/csw?service=CSW&version=2.0.2&request=GetRecordById&outputschema=http://www.isotc211.org/2005/gmd&elementsetname=full&id=3eebf700-5abf-42e4-826c-03cfb497e366#MD_DataIdentification, http://nationaalgeoregister.nl/geonetwork/srv/dut/csw?service=CSW&version=2.0.2&request=GetRecordById&outputschema=http://www.isotc211.org/2005/gmd&elementsetname=full&id=4b282988-cb91-4bbc-b147-f653014917cb#MD_DataIdentification, http://nationaalgeoregister.nl/geonetwork/srv/dut/csw?service=CSW&version=2.0.2&request=GetRecordById&outputschema=http://www.isotc211.org/2005/gmd&elementsetname=full&id=9d9f1738-aced-47c9-aaa0-c62474a2dcfb#MD_DataIdentification]","Beheer PDOK","[OGC:WMS, OGC:WMS, OGC:WMS, OGC:WMS, OGC:WMS, OGC:WMS, OGC:WMS, OGC:WMS, OGC:WMS, OGC:WMS, OGC:WMS, OGC:WMS, OGC:WMS, OGC:WMS, OGC:WMS, OGC:WMS, OGC:WMS, OGC:WMS, OGC:WMS, OGC:WMS, OGC:WMS, OGC:WMS, OGC:WMS, OGC:WMS, OGC:WMS, OGC:WMS, OGC:WMS, OGC:WMS, OGC:WMS, OGC:WMS, OGC:WMS, OGC:WMS]","Operates on:4b282988-cb91-4bbc-b147-f653014917cb not found in Inspire CSW endpoint in service: 94f241c2-43a2-42c3-8e9e-71976605aa0e TOP10NL WMS","94f241c2-43a2-42c3-8e9e-71976605aa0e","wms","view","","TOP10NL WMS","https://geodata.nationaalgeoregister.nl/top10nlv2/wms?request=GetCapabilities&service=wms"
"rorl-9d8e-4758-83fx-28b057f185g1","[beheerPDOK@kadaster.nl, beheerPDOK@kadaster.nl]","Operates on has matching Inspire dataset","Nederlands metadata profiel op ISO 19119 voor services 2.1.0","https://www.nationaalgeoregister.nl/geonetwork/srv/dut/csw?service=CSW&request=GetRecordById&version=2.0.2&outputSchema=http://www.isotc211.org/2005/gmd&elementSetName=full&id=rorl-9d8e-4758-83fx-28b057f185g1#MD_DataIdentification","Beheer PDOK","OGC:WMS","Operates on:rorl-9d8e-4758-83fx-28b057f185g1 not found in Inspire CSW endpoint in service: 2ca26f5e-0b39-48a4-9e8d-7b9ffde9a5b0 Richtlijn Overstromingsrisico EU2018 WMS","2ca26f5e-0b39-48a4-9e8d-7b9ffde9a5b0","wms","view","","Richtlijn Overstromingsrisico EU2018 WMS","https://geodata.nationaalgeoregister.nl/rws/richtlijnoverstromingsrisico2018/wms/v1_0?request=GetCapabilities&service=WMS"
"41daef8b-155e-4608-b49c-c87ea45d931c","[beheerPDOK@kadaster.nl, beheerPDOK@kadaster.nl]","Operates on has matching Inspire dataset","Nederlands metadata profiel op ISO 19119 voor services 2.1.0","https://www.nationaalgeoregister.nl/geonetwork/srv/dut/csw?service=CSW&request=GetRecordById&version=2.0.2&outputSchema=http://www.isotc211.org/2005/gmd&elementSetName=full&id=41daef8b-155e-4608-b49c-c87ea45d931c#MD_DataIdentification","Beheer PDOK","[OGC:WMS, OGC:WMS, OGC:WMS, OGC:WMS, OGC:WMS]","Operates on:41daef8b-155e-4608-b49c-c87ea45d931c not found in Inspire CSW endpoint in service: 94e5b115-bece-4140-99ed-93b8f363948e Actueel Hoogtebestand Nederland 3 WMS","94e5b115-bece-4140-99ed-93b8f363948e","wms","view","","Actueel Hoogtebestand Nederland 3 WMS","https://geodata.nationaalgeoregister.nl/ahn3/wms?request=GetCapabilities&service=wms"
"8f52e76f-c96d-4df3-a778-279c2164372b","[beheerpdok@kadaster.nl, beheerpdok@kadaster.nl]","Operates on has matching Inspire dataset","Nederlands metadata profiel op ISO 19119 voor services 2.1.0","https://www.nationaalgeoregister.nl/geonetwork/srv/dut/csw?service=CSW&request=GetRecordById&version=2.0.2&outputSchema=http://www.isotc211.org/2005/gmd&elementSetName=full&id=8f52e76f-c96d-4df3-a778-279c2164372b#MD_DataIdentification","Beheer PDOK","[OGC:WMS, OGC:WMS, OGC:WMS]","Operates on:8f52e76f-c96d-4df3-a778-279c2164372b not found in Inspire CSW endpoint in service: d1cb16ca-2029-454f-b3f1-f70bceaf62c1 BRO geomorfologische kaart WMS","d1cb16ca-2029-454f-b3f1-f70bceaf62c1","wms","view","","BRO geomorfologische kaart WMS","https://service.pdok.nl/bzk/bro-geomorfologischekaart/wms/v1_0?request=GetCapabilities&service=WMS"
"5a1adb58-0bbe-425d-b0fe-577a6c0a4228 71c2b7d2-a1a8-4836-b8d4-7247d331b04d 76091be7-358a-4a44-8182-b4139c96c6a4 8829e5dd-c861-4639-a6c8-fdbb6e3440d2 710c381c-ab2d-45d5-a45d-af2eba811e5f a9b7026e-0a81-4813-93bd-ba49e6f28502 00d8c7c8-98ff-4b06-8f53-b44216e6e75c 701d4eb8-8aae-4708-bba5-3edf6987676d 17716ed7-ce0d-4bfd-8868-a398e5578a36 29d5310f-dd0d-45ba-abad-b4ffc6b8785f 831f7bd7-c2ae-4336-bd2f-47ab20d7cdb7 abaf1e22-55aa-4a11-a855-7ac963e4a82b 07d73b60-dfd6-4c54-9c82-9fac70c6c48e d25fe199-2430-48fd-ad57-5b5f79f73cdf e536d943-ecff-4d7a-9500-cc31a263a6af bbece924-9aab-4e00-8392-bce36b8f494e c935f2ab-9b65-4dc4-94a0-73aeb840a941 81ff84ec-42a4-4481-840b-12713bbb5d38 af0c582f-9e6b-46e6-865a-fc3a2d5289b9 3eebf700-5abf-42e4-826c-03cfb497e366 9d9f1738-aced-47c9-aaa0-c62474a2dcfb 8eee71f9-9365-490d-9484-00263c6fa35c 4961d305-fbb5-426a-9ba3-53e1ca5f3b18 2af8df10-81ba-434a-8125-34fe8f127cf9 6cde2ce7-3ecd-4785-b7b8-d62c3381efe9 3229e4d7-4bcd-4b94-819d-8e62de69ce2e bffcd5d9-02b4-4e7d-991f-a386611cad84 2d3dd6d2-2d2b-4b5f-9e30-86e19ed77a56","[beheerpdok@kadaster.nl, beheer pdok@kadaster.nl]","Operates on has matching Inspire dataset","Nederlands metadata profiel op ISO 19119 voor services 2.1.0","[https://www.nationaalgeoregister.nl:443/geonetwork/srv/dut/csw?service=CSW&request=GetRecordById&version=2.0.2&outputSchema=http://www.isotc211.org/2005/gmd&elementSetName=full&id=5a1adb58-0bbe-425d-b0fe-577a6c0a4228#MD_DataIdentification, https://www.nationaalgeoregister.nl:443/geonetwork/srv/dut/csw?service=CSW&request=GetRecordById&version=2.0.2&outputSchema=http://www.isotc211.org/2005/gmd&elementSetName=full&id=71c2b7d2-a1a8-4836-b8d4-7247d331b04d#MD_DataIdentification, https://www.nationaalgeoregister.nl:443/geonetwork/srv/dut/csw?service=CSW&request=GetRecordById&version=2.0.2&outputSchema=http://www.isotc211.org/2005/gmd&elementSetName=full&id=76091be7-358a-4a44-8182-b4139c96c6a4#MD_DataIdentification, https://www.nationaalgeoregister.nl:443/geonetwork/srv/dut/csw?service=CSW&request=GetRecordById&version=2.0.2&outputSchema=http://www.isotc211.org/2005/gmd&elementSetName=full&id=8829e5dd-c861-4639-a6c8-fdbb6e3440d2#MD_DataIdentification, https://www.nationaalgeoregister.nl:443/geonetwork/srv/dut/csw?service=CSW&request=GetRecordById&version=2.0.2&outputSchema=http://www.isotc211.org/2005/gmd&elementSetName=full&id=710c381c-ab2d-45d5-a45d-af2eba811e5f#MD_DataIdentification, https://www.nationaalgeoregister.nl:443/geonetwork/srv/dut/csw?service=CSW&request=GetRecordById&version=2.0.2&outputSchema=http://www.isotc211.org/2005/gmd&elementSetName=full&id=a9b7026e-0a81-4813-93bd-ba49e6f28502#MD_DataIdentification, https://www.nationaalgeoregister.nl:443/geonetwork/srv/dut/csw?service=CSW&request=GetRecordById&version=2.0.2&outputSchema=http://www.isotc211.org/2005/gmd&elementSetName=full&id=00d8c7c8-98ff-4b06-8f53-b44216e6e75c#MD_DataIdentification, https://www.nationaalgeoregister.nl:443/geonetwork/srv/dut/csw?service=CSW&request=GetRecordById&version=2.0.2&outputSchema=http://www.isotc211.org/2005/gmd&elementSetName=full&id=701d4eb8-8aae-4708-bba5-3edf6987676d#MD_DataIdentification, https://www.nationaalgeoregister.nl:443/geonetwork/srv/dut/csw?service=CSW&request=GetRecordById&version=2.0.2&outputSchema=http://www.isotc211.org/2005/gmd&elementSetName=full&id=17716ed7-ce0d-4bfd-8868-a398e5578a36#MD_DataIdentification, https://www.nationaalgeoregister.nl:443/geonetwork/srv/dut/csw?service=CSW&request=GetRecordById&version=2.0.2&outputSchema=http://www.isotc211.org/2005/gmd&elementSetName=full&id=29d5310f-dd0d-45ba-abad-b4ffc6b8785f#MD_DataIdentification, https://www.nationaalgeoregister.nl:443/geonetwork/srv/dut/csw?service=CSW&request=GetRecordById&version=2.0.2&outputSchema=http://www.isotc211.org/2005/gmd&elementSetName=full&id=831f7bd7-c2ae-4336-bd2f-47ab20d7cdb7#MD_DataIdentification, https://www.nationaalgeoregister.nl:443/geonetwork/srv/dut/csw?service=CSW&request=GetRecordById&version=2.0.2&outputSchema=http://www.isotc211.org/2005/gmd&elementSetName=full&id=abaf1e22-55aa-4a11-a855-7ac963e4a82b#MD_DataIdentification, https://www.nationaalgeoregister.nl:443/geonetwork/srv/dut/csw?service=CSW&request=GetRecordById&version=2.0.2&outputSchema=http://www.isotc211.org/2005/gmd&elementSetName=full&id=07d73b60-dfd6-4c54-9c82-9fac70c6c48e#MD_DataIdentification, https://www.nationaalgeoregister.nl:443/geonetwork/srv/dut/csw?service=CSW&request=GetRecordById&version=2.0.2&outputSchema=http://www.isotc211.org/2005/gmd&elementSetName=full&id=d25fe199-2430-48fd-ad57-5b5f79f73cdf#MD_DataIdentification, https://www.nationaalgeoregister.nl:443/geonetwork/srv/dut/csw?service=CSW&request=GetRecordById&version=2.0.2&outputSchema=http://www.isotc211.org/2005/gmd&elementSetName=full&id=e536d943-ecff-4d7a-9500-cc31a263a6af#MD_DataIdentification, https://www.nationaalgeoregister.nl:443/geonetwork/srv/dut/csw?service=CSW&request=GetRecordById&version=2.0.2&outputSchema=http://www.isotc211.org/2005/gmd&elementSetName=full&id=bbece924-9aab-4e00-8392-bce36b8f494e#MD_DataIdentification, https://www.nationaalgeoregister.nl:443/geonetwork/srv/dut/csw?service=CSW&request=GetRecordById&version=2.0.2&outputSchema=http://www.isotc211.org/2005/gmd&elementSetName=full&id=c935f2ab-9b65-4dc4-94a0-73aeb840a941#MD_DataIdentification, https://www.nationaalgeoregister.nl:443/geonetwork/srv/dut/csw?service=CSW&request=GetRecordById&version=2.0.2&outputSchema=http://www.isotc211.org/2005/gmd&elementSetName=full&id=81ff84ec-42a4-4481-840b-12713bbb5d38#MD_DataIdentification, https://www.nationaalgeoregister.nl:443/geonetwork/srv/dut/csw?service=CSW&request=GetRecordById&version=2.0.2&outputSchema=http://www.isotc211.org/2005/gmd&elementSetName=full&id=af0c582f-9e6b-46e6-865a-fc3a2d5289b9#MD_DataIdentification, https://www.nationaalgeoregister.nl:443/geonetwork/srv/dut/csw?service=CSW&request=GetRecordById&version=2.0.2&outputSchema=http://www.isotc211.org/2005/gmd&elementSetName=full&id=3eebf700-5abf-42e4-826c-03cfb497e366#MD_DataIdentification, https://www.nationaalgeoregister.nl:443/geonetwork/srv/dut/csw?service=CSW&request=GetRecordById&version=2.0.2&outputSchema=http://www.isotc211.org/2005/gmd&elementSetName=full&id=9d9f1738-aced-47c9-aaa0-c62474a2dcfb#MD_DataIdentification, https://www.nationaalgeoregister.nl:443/geonetwork/srv/dut/csw?service=CSW&request=GetRecordById&version=2.0.2&outputSchema=http://www.isotc211.org/2005/gmd&elementSetName=full&id=8eee71f9-9365-490d-9484-00263c6fa35c#MD_DataIdentification, https://www.nationaalgeoregister.nl:443/geonetwork/srv/dut/csw?service=CSW&request=GetRecordById&version=2.0.2&outputSchema=http://www.isotc211.org/2005/gmd&elementSetName=full&id=4961d305-fbb5-426a-9ba3-53e1ca5f3b18#MD_DataIdentification, https://www.nationaalgeoregister.nl:443/geonetwork/srv/dut/csw?service=CSW&request=GetRecordById&version=2.0.2&outputSchema=http://www.isotc211.org/2005/gmd&elementSetName=full&id=2af8df10-81ba-434a-8125-34fe8f127cf9#MD_DataIdentification, https://www.nationaalgeoregister.nl:443/geonetwork/srv/dut/csw?service=CSW&request=GetRecordById&version=2.0.2&outputSchema=http://www.isotc211.org/2005/gmd&elementSetName=full&id=6cde2ce7-3ecd-4785-b7b8-d62c3381efe9#MD_DataIdentification, https://www.nationaalgeoregister.nl:443/geonetwork/srv/dut/csw?service=CSW&request=GetRecordById&version=2.0.2&outputSchema=http://www.isotc211.org/2005/gmd&elementSetName=full&id=3229e4d7-4bcd-4b94-819d-8e62de69ce2e#MD_DataIdentification, https://www.nationaalgeoregister.nl:443/geonetwork/srv/dut/csw?service=CSW&request=GetRecordById&version=2.0.2&outputSchema=http://www.isotc211.org/2005/gmd&elementSetName=full&id=bffcd5d9-02b4-4e7d-991f-a386611cad84#MD_DataIdentification, https://www.nationaalgeoregister.nl/geonetwork/srv/dut/csw?service=CSW&request=GetRecordById&version=2.0.2&outputSchema=http://www.isotc211.org/2005/gmd&elementSetName=full&id=2d3dd6d2-2d2b-4b5f-9e30-86e19ed77a56#MD_DataIdentification]","Beheer PDOK","INSPIRE Atom","Operates on:8829e5dd-c861-4639-a6c8-fdbb6e3440d2 not found in Inspire CSW endpoint in service: 9ff1a13c-d1e0-4150-8523-91cb489ae1a4 INSPIRE download service PDOK","9ff1a13c-d1e0-4150-8523-91cb489ae1a4","atom","download","","INSPIRE download service PDOK","https://geodata.nationaalgeoregister.nl/atom/index.xml"
"41daef8b-155e-4608-b49c-c87ea45d931c 41daef8b-155e-4608-b49c-c87ea45d931c","[beheerPDOK@kadaster.nl, beheerPDOK@kadaster.nl]","Operates on has matching Inspire dataset","Nederlands metadata profiel op ISO 19119 voor services 2.1.0","[https://www.nationaalgeoregister.nl:443/geonetwork/srv/dut/csw?service=CSW&request=GetRecordById&version=2.0.2&outputSchema=http://www.isotc211.org/2005/gmd&elementSetName=full&id=41daef8b-155e-4608-b49c-c87ea45d931c#MD_DataIdentification, https://www.nationaalgeoregister.nl/geonetwork/srv/dut/csw?service=CSW&request=GetRecordById&version=2.0.2&outputSchema=http://www.isotc211.org/2005/gmd&elementSetName=full&id=41daef8b-155e-4608-b49c-c87ea45d931c#MD_DataIdentification]","Beheer PDOK","[OGC:WCS, OGC:WCS, OGC:WCS, OGC:WCS, OGC:WCS]","Operates on:41daef8b-155e-4608-b49c-c87ea45d931c not found in Inspire CSW endpoint in service: bfcc588f-9393-4c70-b989-d9e92ac2f493 Actueel Hoogtebestand Nederland 3 WCS","bfcc588f-9393-4c70-b989-d9e92ac2f493","wcs","download","","Actueel Hoogtebestand Nederland 3 WCS","https://geodata.nationaalgeoregister.nl/ahn3/wcs?&service=wcs&request=GetCapabilities"
"fe24c2a7-b121-4177-887a-fa16d943729b","[beheerPDOK@kadaster.nl, beheerPDOK@kadaster.nl]","Operates on has matching Inspire dataset","Nederlands metadata profiel op ISO 19119 voor services 2.1.0","https://www.nationaalgeoregister.nl/geonetwork/srv/dut/csw?service=CSW&request=GetRecordById&version=2.0.2&outputSchema=http://www.isotc211.org/2005/gmd&elementSetName=full&id=fe24c2a7-b121-4177-887a-fa16d943729b#MD_DataIdentification","Beheer PDOK","[OGC:WFS, OGC:WFS, OGC:WFS]","Operates on:fe24c2a7-b121-4177-887a-fa16d943729b not found in Inspire CSW endpoint in service: 35359958-c40a-486f-9cf5-567a94de905e Bestuurlijke Grenzen WFS","35359958-c40a-486f-9cf5-567a94de905e","wfs","download","","Bestuurlijke Grenzen WFS","https://geodata.nationaalgeoregister.nl/bestuurlijkegrenzen/wfs?request=GetCapabilities&service=wfs"
"dc5b522e-3e14-4738-9e8e-2401e1b19ef2","[beheerPDOK@kadaster.nl, beheerPDOK@kadaster.nl]","Operates on has matching Inspire dataset","Nederlands metadata profiel op ISO 19119 voor services 2.1.0","https://nationaalgeoregister.nl/geonetwork/srv/en/csw?service=CSW&version=2.0.2&request=GetRecordById&outputschema=http://www.isotc211.org/2005/gmd&elementsetname=full&id=dc5b522e-3e14-4738-9e8e-2401e1b19ef2#MD_DataIdentification","Beheer PDOK","[OGC:WMS, OGC:WMS, OGC:WMS]","Operates on:dc5b522e-3e14-4738-9e8e-2401e1b19ef2 not found in Inspire CSW endpoint in service: 1c9b43c3-064d-40c3-aa7c-879b7376ef6f Potentieel koude en warmte uit open en gesloten WKO systemen (GJ/ha.jaar) WMS","1c9b43c3-064d-40c3-aa7c-879b7376ef6f","wms","view","","Potentieel koude en warmte uit open en gesloten WKO systemen (GJ/ha.jaar) WMS","https://geodata.nationaalgeoregister.nl/wko/wms?request=GetCapabilities&service=wms"
"2d4ec7e6-50ae-4c71-bd20-5b9211e2135f","[beheerpdok@kadaster.nl, beheerpdok@kadaster.nl]","Operates on has matching Inspire dataset","Nederlands metadata profiel op ISO 19119 voor services 2.1.0","https://www.nationaalgeoregister.nl/geonetwork/srv/dut/csw?service=CSW&request=GetRecordById&version=2.0.2&outputSchema=http://www.isotc211.org/2005/gmd&elementSetName=full&id=2d4ec7e6-50ae-4c71-bd20-5b9211e2135f#MD_DataIdentification","Beheer PDOK","INSPIRE Atom","Operates on:2d4ec7e6-50ae-4c71-bd20-5b9211e2135f not found in Inspire CSW endpoint in service: 9ad3f0c0-9e2c-4d44-a467-b57920aa512f Waterschappen Administratieve eenheden INSPIRE ATOM","9ad3f0c0-9e2c-4d44-a467-b57920aa512f","atom","download","","Waterschappen Administratieve eenheden INSPIRE ATOM","https://geodata.nationaalgeoregister.nl/hwh/eenheden/atom/v1_0/index.xml"
"3373be8c-8539-4763-bc22-eba23ac1898f","[beheerPDOK@kadaster.nl, beheerPDOK@kadaster.nl]","Operates on has matching Inspire dataset","Nederlands metadata profiel op ISO 19119 voor services 2.0","http://nationaalgeoregister.nl/geonetwork/srv/dut/csw?service=CSW&version=2.0.2&request=GetRecordById&outputschema=http://www.isotc211.org/2005/gmd&elementsetname=full&id=3373be8c-8539-4763-bc22-eba23ac1898f#MD_DataIdentification","Beheer PDOK","UKST","Operates on:3373be8c-8539-4763-bc22-eba23ac1898f not found in Inspire CSW endpoint in service: ee543323-0fe4-4353-9161-eda61ff26c07 BRT achtergrondkaart Grijs TMS","ee543323-0fe4-4353-9161-eda61ff26c07","unknown","other","","BRT achtergrondkaart Grijs TMS","https://geodata.nationaalgeoregister.nl/tiles/service/tms/1.0.0/brtachtergrondkaartgrijs/EPSG:28992"
"11d83e36-fd0d-46bc-838c-0567c5dfdb19 34dacd72-d2fb-4e28-844d-73d3b9c3fef2 419b85e5-04ee-4cc9-b910-bc58594a943a 119f7512-a71e-4d1a-82e7-7a2b63f9338b 6ea55ec4-f312-40ef-9935-68806e61b496 af784610-df36-4d40-bac0-23d8e728999f 24eb504e-f5f3-4ecf-b760-cc5630e82a57","[beheerPDOK@kadaster.nl, beheerPDOK@kadaster.nl]","Operates on has matching Inspire dataset","Nederlands metadata profiel op ISO 19119 voor services 2.1.0","[http://nationaalgeoregister.nl/geonetwork/srv/dut/csw?service=CSW&version=2.0.2&request=GetRecordById&outputschema=http://www.isotc211.org/2005/gmd&elementsetname=full&id=11d83e36-fd0d-46bc-838c-0567c5dfdb19#MD_DataIdentification, http://nationaalgeoregister.nl/geonetwork/srv/dut/csw?service=CSW&version=2.0.2&request=GetRecordById&outputschema=http://www.isotc211.org/2005/gmd&elementsetname=full&id=34dacd72-d2fb-4e28-844d-73d3b9c3fef2#MD_DataIdentification, http://nationaalgeoregister.nl/geonetwork/srv/dut/csw?service=CSW&version=2.0.2&request=GetRecordById&outputschema=http://www.isotc211.org/2005/gmd&elementsetname=full&id=419b85e5-04ee-4cc9-b910-bc58594a943a#MD_DataIdentification, http://nationaalgeoregister.nl/geonetwork/srv/dut/csw?service=CSW&version=2.0.2&request=GetRecordById&outputschema=http://www.isotc211.org/2005/gmd&elementsetname=full&id=119f7512-a71e-4d1a-82e7-7a2b63f9338b#MD_DataIdentification, http://nationaalgeoregister.nl/geonetwork/srv/dut/csw?service=CSW&version=2.0.2&request=GetRecordById&outputschema=http://www.isotc211.org/2005/gmd&elementsetname=full&id=6ea55ec4-f312-40ef-9935-68806e61b496#MD_DataIdentification, http://nationaalgeoregister.nl/geonetwork/srv/dut/csw?service=CSW&version=2.0.2&request=GetRecordById&outputschema=http://www.isotc211.org/2005/gmd&elementsetname=full&id=af784610-df36-4d40-bac0-23d8e728999f#MD_DataIdentification, http://nationaalgeoregister.nl/geonetwork/srv/dut/csw?service=CSW&version=2.0.2&request=GetRecordById&outputschema=http://www.isotc211.org/2005/gmd&elementsetname=full&id=24eb504e-f5f3-4ecf-b760-cc5630e82a57#MD_DataIdentification]","Beheer PDOK","[OGC:WFS, OGC:WFS, OGC:WFS, OGC:WFS, OGC:WFS, OGC:WFS, OGC:WFS]","Operates on:11d83e36-fd0d-46bc-838c-0567c5dfdb19 not found in Inspire CSW endpoint in service: 40f04047-3b61-40eb-b026-c1a0caa71881 Potentiekaart reststromen WFS","40f04047-3b61-40eb-b026-c1a0caa71881","wfs","download","","Potentiekaart reststromen WFS","https://geodata.nationaalgeoregister.nl/reststromen/wfs?request=GetCapabilities&service=wfs"
"c4b137b8-2317-42c2-aced-204c4216d68d c4bed072-0fda-47b8-96fa-457a938b88fc 3229e4d7-4bcd-4b94-819d-8e62de69ce2e","[beheerpdok@kadaster.nl, beheerpdok@kadaster.nl]","Operates on has matching Inspire dataset","Nederlands metadata profiel op ISO 19119 voor services 2.1.0","[https://nationaalgeoregister.nl/geonetwork/srv/dut/csw?SERVICE=CSW&version=2.0.2&REQUEST=GetRecordById&ID=c4b137b8-2317-42c2-aced-204c4216d68d&OUTPUTSCHEMA=http://www.isotc211.org/2005/gmd&ELEMENTSETNAME=full#MD_DataIdentification, https://nationaalgeoregister.nl/geonetwork/srv/dut/csw?SERVICE=CSW&version=2.0.2&REQUEST=GetRecordById&ID=c4bed072-0fda-47b8-96fa-457a938b88fc&OUTPUTSCHEMA=http://www.isotc211.org/2005/gmd&ELEMENTSETNAME=full#MD_DataIdentification, https://nationaalgeoregister.nl/geonetwork/srv/dut/csw?SERVICE=CSW&version=2.0.2&REQUEST=GetRecordById&ID=3229e4d7-4bcd-4b94-819d-8e62de69ce2e&OUTPUTSCHEMA=http://www.isotc211.org/2005/gmd&ELEMENTSETNAME=full#MD_DataIdentification]","Beheer PDOK","OGC:WFS","Operates on:c4bed072-0fda-47b8-96fa-457a938b88fc not found in Inspire CSW endpoint in service: 03c48a93-1e31-4c69-92c6-9a7efecf67a9 Digitaal Topografisch Bestand (DTB) WFS","03c48a93-1e31-4c69-92c6-9a7efecf67a9","wfs","download","","Digitaal Topografisch Bestand (DTB) WFS","https://geodata.nationaalgeoregister.nl/digitaaltopografischbestand/wfs?request=GetCapabilities&service=WFS"
"11d83e36-fd0d-46bc-838c-0567c5dfdb19 34dacd72-d2fb-4e28-844d-73d3b9c3fef2 419b85e5-04ee-4cc9-b910-bc58594a943a 119f7512-a71e-4d1a-82e7-7a2b63f9338b 6ea55ec4-f312-40ef-9935-68806e61b496 af784610-df36-4d40-bac0-23d8e728999f 24eb504e-f5f3-4ecf-b760-cc5630e82a57","[beheerPDOK@kadaster.nl, beheerPDOK@kadaster.nl]","Operates on has matching Inspire dataset","Nederlands metadata profiel op ISO 19119 voor services 2.1.0","[http://nationaalgeoregister.nl/geonetwork/srv/dut/csw?service=CSW&version=2.0.2&request=GetRecordById&outputschema=http://www.isotc211.org/2005/gmd&elementsetname=full&id=11d83e36-fd0d-46bc-838c-0567c5dfdb19#MD_DataIdentification, http://nationaalgeoregister.nl/geonetwork/srv/dut/csw?service=CSW&version=2.0.2&request=GetRecordById&outputschema=http://www.isotc211.org/2005/gmd&elementsetname=full&id=34dacd72-d2fb-4e28-844d-73d3b9c3fef2#MD_DataIdentification, http://nationaalgeoregister.nl/geonetwork/srv/dut/csw?service=CSW&version=2.0.2&request=GetRecordById&outputschema=http://www.isotc211.org/2005/gmd&elementsetname=full&id=419b85e5-04ee-4cc9-b910-bc58594a943a#MD_DataIdentification, http://nationaalgeoregister.nl/geonetwork/srv/dut/csw?service=CSW&version=2.0.2&request=GetRecordById&outputschema=http://www.isotc211.org/2005/gmd&elementsetname=full&id=119f7512-a71e-4d1a-82e7-7a2b63f9338b#MD_DataIdentification, http://nationaalgeoregister.nl/geonetwork/srv/dut/csw?service=CSW&version=2.0.2&request=GetRecordById&outputschema=http://www.isotc211.org/2005/gmd&elementsetname=full&id=6ea55ec4-f312-40ef-9935-68806e61b496#MD_DataIdentification, http://nationaalgeoregister.nl/geonetwork/srv/dut/csw?service=CSW&version=2.0.2&request=GetRecordById&outputschema=http://www.isotc211.org/2005/gmd&elementsetname=full&id=af784610-df36-4d40-bac0-23d8e728999f#MD_DataIdentification, http://nationaalgeoregister.nl/geonetwork/srv/dut/csw?service=CSW&version=2.0.2&request=GetRecordById&outputschema=http://www.isotc211.org/2005/gmd&elementsetname=full&id=24eb504e-f5f3-4ecf-b760-cc5630e82a57#MD_DataIdentification]","Beheer PDOK","[OGC:WMS, OGC:WMS, OGC:WMS, OGC:WMS, OGC:WMS, OGC:WMS, OGC:WMS]","Operates on:11d83e36-fd0d-46bc-838c-0567c5dfdb19 not found in Inspire CSW endpoint in service: ceda1b88-32ac-40b2-a841-71eb041c9427 Potentiekaart reststromen WMS","ceda1b88-32ac-40b2-a841-71eb041c9427","wms","view","","Potentiekaart reststromen WMS","https://geodata.nationaalgeoregister.nl/reststromen/wms?request=GetCapabilities&service=wms"
"27df6b33-194c-46d6-ac94-257c306c91f2 abaf1e22-55aa-4a11-a855-7ac963e4a82b","[beheerPDOK@kadaster.nl, beheerPDOK@kadaster.nl]","Operates on has matching Inspire dataset","Nederlands metadata profiel op ISO 19119 voor services 2.1.0","[http://nationaalgeoregister.nl/geonetwork/srv/dut/csw?service=CSW&version=2.0.2&request=GetRecordById&outputschema=http://www.isotc211.org/2005/gmd&elementsetname=full&id=27df6b33-194c-46d6-ac94-257c306c91f2#MD_DataIdentification, http://nationaalgeoregister.nl/geonetwork/srv/dut/csw?service=CSW&version=2.0.2&request=GetRecordById&outputschema=http://www.isotc211.org/2005/gmd&elementsetname=full&id=abaf1e22-55aa-4a11-a855-7ac963e4a82b#MD_DataIdentification]","Beheer PDOK","OGC:WMS","Operates on:27df6b33-194c-46d6-ac94-257c306c91f2 not found in Inspire CSW endpoint in service: 598c4109-21d2-4a6c-b083-9975a6736853 Weggegevens (Weggeg) WMS","598c4109-21d2-4a6c-b083-9975a6736853","wms","view","","Weggegevens (Weggeg) WMS","https://geodata.nationaalgeoregister.nl/weggeg/wms?request=getcapabilities&service=wms"
"2ae3e9b7-aa79-41d4-a35b-c9a0fee69e5c","[beheerpdok@kadaster.nl, beheerpdok@kadaster.nl]","Operates on has matching Inspire dataset","Nederlands metadata profiel op ISO 19119 voor services 2.1.0","https://www.nationaalgeoregister.nl/geonetwork/srv/dut/csw?service=CSW&request=GetRecordById&version=2.0.2&outputSchema=http://www.isotc211.org/2005/gmd&elementSetName=full&id=2ae3e9b7-aa79-41d4-a35b-c9a0fee69e5c#MD_DataIdentification","Beheer PDOK","OGC:WMTS","Operates on:2ae3e9b7-aa79-41d4-a35b-c9a0fee69e5c not found in Inspire CSW endpoint in service: 54d2021b-e778-4834-a3c6-75c89d36b942 OpenTopo WMTS","54d2021b-e778-4834-a3c6-75c89d36b942","wmts","other","","OpenTopo WMTS","https://geodata.nationaalgeoregister.nl/tiles/service/wmts?request=GetCapabilities&service=wmts"
"c4b137b8-2317-42c2-aced-204c4216d68d c4bed072-0fda-47b8-96fa-457a938b88fc 3229e4d7-4bcd-4b94-819d-8e62de69ce2e","[beheerpdok@kadaster.nl, beheerpdok@kadaster.nl]","Operates on has matching Inspire dataset","Nederlands metadata profiel op ISO 19119 voor services 2.1.0","[https://nationaalgeoregister.nl/geonetwork/srv/dut/csw?SERVICE=CSW&version=2.0.2&REQUEST=GetRecordById&ID=c4b137b8-2317-42c2-aced-204c4216d68d&OUTPUTSCHEMA=http://www.isotc211.org/2005/gmd&ELEMENTSETNAME=full#MD_DataIdentification, https://nationaalgeoregister.nl/geonetwork/srv/dut/csw?SERVICE=CSW&version=2.0.2&REQUEST=GetRecordById&ID=c4bed072-0fda-47b8-96fa-457a938b88fc&OUTPUTSCHEMA=http://www.isotc211.org/2005/gmd&ELEMENTSETNAME=full#MD_DataIdentification, https://nationaalgeoregister.nl/geonetwork/srv/dut/csw?SERVICE=CSW&version=2.0.2&REQUEST=GetRecordById&ID=3229e4d7-4bcd-4b94-819d-8e62de69ce2e&OUTPUTSCHEMA=http://www.isotc211.org/2005/gmd&ELEMENTSETNAME=full#MD_DataIdentification]","Beheer PDOK","OGC:WMS","Operates on:c4bed072-0fda-47b8-96fa-457a938b88fc not found in Inspire CSW endpoint in service: f917ffa9-1531-48ea-867e-0d413d85b05a Digitaal Topografisch Bestand (DTB) WMS","f917ffa9-1531-48ea-867e-0d413d85b05a","wms","view","","Digitaal Topografisch Bestand (DTB) WMS","https://geodata.nationaalgeoregister.nl/digitaaltopografischbestand/wms?request=GetCapabilities&service=WMS"
"6cde2ce7-3ecd-4785-b7b8-d62c3381efe9","[beheerPDOK@kadaster.nl, beheerPDOK@kadaster.nl]","Operates on has matching Inspire dataset","Nederlands metadata profiel op ISO 19119 voor services 2.1.0","http://nationaalgeoregister.nl/geonetwork/srv/dut/csw?service=CSW&version=2.0.2&request=GetRecordById&outputschema=http://www.isotc211.org/2005/gmd&elementsetname=full&id=6cde2ce7-3ecd-4785-b7b8-d62c3381efe9#MD_DataIdentification","Beheer PDOK","[OGC:WFS, OGC:WFS, OGC:WFS]","Operates on:6cde2ce7-3ecd-4785-b7b8-d62c3381efe9 not found in Inspire CSW endpoint in service: 6ff5af41-4cb0-406a-a77c-a4cf4223cbc7 CBS Wijken en Buurten 2016 WFS","6ff5af41-4cb0-406a-a77c-a4cf4223cbc7","wfs","download","","CBS Wijken en Buurten 2016 WFS","https://geodata.nationaalgeoregister.nl/wijkenbuurten2016/wfs?request=GetCapabilities&service=wfs"
"6cde2ce7-3ecd-4785-b7b8-d62c3381efe9","[beheerPDOK@kadaster.nl, beheerPDOK@kadaster.nl]","Operates on has matching Inspire dataset","Nederlands metadata profiel op ISO 19119 voor services 2.1.0","http://nationaalgeoregister.nl/geonetwork/srv/dut/csw?service=CSW&version=2.0.2&request=GetRecordById&outputschema=http://www.isotc211.org/2005/gmd&elementsetname=full&id=6cde2ce7-3ecd-4785-b7b8-d62c3381efe9#MD_DataIdentification","Beheer PDOK","[OGC:WMS, OGC:WMS, OGC:WMS]","Operates on:6cde2ce7-3ecd-4785-b7b8-d62c3381efe9 not found in Inspire CSW endpoint in service: 127125c8-20c2-451a-a1c8-f9aad8ae5c5e CBS Wijken en Buurten 2016 WMS","127125c8-20c2-451a-a1c8-f9aad8ae5c5e","wms","view","","CBS Wijken en Buurten 2016 WMS","https://geodata.nationaalgeoregister.nl/wijkenbuurten2016/wms?request=GetCapabilities&service=wms"
"2220c0dd-3720-4e39-a130-171531c1e694 78d31ab4-4116-45b7-bcf5-e14960916b0f b250f3a4-ed78-4c85-8cd5-f1af43841c6e","[beheerPDOK@kadaster.nl, beheerPDOK@kadaster.nl]","Operates on has matching Inspire dataset","Nederlands metadata profiel op ISO 19119 voor services 2.1.0","[http://nationaalgeoregister.nl/geonetwork/srv/dut/csw?service=CSW&version=2.0.2&request=GetRecordById&outputschema=http://www.isotc211.org/2005/gmd&elementsetname=full&id=2220c0dd-3720-4e39-a130-171531c1e694#MD_DataIdentification, http://nationaalgeoregister.nl/geonetwork/srv/dut/csw?service=CSW&version=2.0.2&request=GetRecordById&outputschema=http://www.isotc211.org/2005/gmd&elementsetname=full&id=78d31ab4-4116-45b7-bcf5-e14960916b0f#MD_DataIdentification, http://nationaalgeoregister.nl/geonetwork/srv/dut/csw?service=CSW&version=2.0.2&request=GetRecordById&outputschema=http://www.isotc211.org/2005/gmd&elementsetname=full&id=b250f3a4-ed78-4c85-8cd5-f1af43841c6e#MD_DataIdentification]","Beheer PDOK","[OGC:WFS, OGC:WFS, OGC:WFS]","Operates on:2220c0dd-3720-4e39-a130-171531c1e694 not found in Inspire CSW endpoint in service: 9940c446-6fd4-4ab3-a4de-7d0ee028a8d1 Ecotopen WFS","9940c446-6fd4-4ab3-a4de-7d0ee028a8d1","wfs","download","","Ecotopen WFS","https://geodata.nationaalgeoregister.nl/ecotopen/wfs?request=GetCapabilities&service=wfs"
"8829e5dd-c861-4639-a6c8-fdbb6e3440d2","[beheerPDOK@kadaster.nl, beheerPDOK@kadaster.nl]","Operates on has matching Inspire dataset","Nederlands metadata profiel op ISO 19119 voor services 2.1.0","http://nationaalgeoregister.nl/geonetwork/srv/eng/csw?service=CSW&request=GetRecordById&version=2.0.2&outputSchema=http://www.isotc211.org/2005/gmd&elementSetName=full&id=8829e5dd-c861-4639-a6c8-fdbb6e3440d2#MD_DataIdentification","Beheer PDOK","OGC:WFS","Operates on:8829e5dd-c861-4639-a6c8-fdbb6e3440d2 not found in Inspire CSW endpoint in service: 32b1eb9e-c54f-4598-92d2-328eb77fa0d3 Natura2000 WFS","32b1eb9e-c54f-4598-92d2-328eb77fa0d3","wfs","download","","Natura2000 WFS","https://geodata.nationaalgeoregister.nl/natura2000/wfs?service=WFS&request=GetCapabilities"
"dc5b522e-3e14-4738-9e8e-2401e1b19ef2","[beheerPDOK@kadaster.nl, beheerPDOK@kadaster.nl]","Operates on has matching Inspire dataset","Nederlands metadata profiel op ISO 19119 voor services 2.1.0","https://www.nationaalgeoregister.nl/geonetwork/srv/dut/csw?service=CSW&request=GetRecordById&version=2.0.2&outputSchema=http://www.isotc211.org/2005/gmd&elementSetName=full&id=dc5b522e-3e14-4738-9e8e-2401e1b19ef2#MD_DataIdentification","Beheer PDOK","[OGC:WFS, OGC:WFS, OGC:WFS]","Operates on:dc5b522e-3e14-4738-9e8e-2401e1b19ef2 not found in Inspire CSW endpoint in service: 5856173c-e58d-4b4c-8f9b-046ee1f20c1c Potentieel koude en warmte uit open en gesloten WKO systemen (GJ/ha.jaar) WFS","5856173c-e58d-4b4c-8f9b-046ee1f20c1c","wfs","download","","Potentieel koude en warmte uit open en gesloten WKO systemen (GJ/ha.jaar) WFS","https://geodata.nationaalgeoregister.nl/wko/wfs?service=WFS&request=Getcapabilities"
"78d31ab4-4116-45b7-bcf5-e14960916b0f 2220c0dd-3720-4e39-a130-171531c1e694 b250f3a4-ed78-4c85-8cd5-f1af43841c6e","[beheerPDOK@kadaster.nl, beheerPDOK@kadaster.nl]","Operates on has matching Inspire dataset","Nederlands metadata profiel op ISO 19119 voor services 2.1.0","[https://www.nationaalgeoregister.nl/geonetwork/srv/dut/csw?service=CSW&request=GetRecordById&version=2.0.2&outputSchema=http://www.isotc211.org/2005/gmd&elementSetName=full&id=78d31ab4-4116-45b7-bcf5-e14960916b0f#MD_DataIdentification, https://www.nationaalgeoregister.nl/geonetwork/srv/dut/csw?service=CSW&request=GetRecordById&version=2.0.2&outputSchema=http://www.isotc211.org/2005/gmd&elementSetName=full&id=2220c0dd-3720-4e39-a130-171531c1e694#MD_DataIdentification, https://www.nationaalgeoregister.nl/geonetwork/srv/dut/csw?service=CSW&request=GetRecordById&version=2.0.2&outputSchema=http://www.isotc211.org/2005/gmd&elementSetName=full&id=b250f3a4-ed78-4c85-8cd5-f1af43841c6e#MD_DataIdentification]","Beheer PDOK","[OGC:WMS, OGC:WMS, OGC:WMS]","Operates on:78d31ab4-4116-45b7-bcf5-e14960916b0f not found in Inspire CSW endpoint in service: d415c10a-8dbf-4c01-8061-4689e5db38ac Ecotopen WMS","d415c10a-8dbf-4c01-8061-4689e5db38ac","wms","view","","Ecotopen WMS","https://geodata.nationaalgeoregister.nl/ecotopen/wms?request=GetCapabilities&service=wms"
"50eef6be-619d-4e16-9b92-48971109b636 8de2f5eb-b09f-4f6d-8397-8878a1b86238 9b583730-e750-485a-9c0c-39bf9be72cf8 a57cb859-c4fe-444c-adc6-be14cb2bbf36 9b583730-e750-485a-9c0c-39bf9be72cf9 a57cb859-c4fe-444c-adc6-be14cb2bbf38","[beheer&pdok.nl, beheer@pdok.nl]","Operates on has matching Inspire dataset","Nederlands metadata profiel op ISO 19119 voor services 2.1.0","[http://nationaalgeoregister.nl/geonetwork/srv/dut/csw?service=CSW&version=2.0.2&request=GetRecordById&outputschema=http://www.isotc211.org/2005/gmd&elementsetname=full&id=50eef6be-619d-4e16-9b92-48971109b636, http://nationaalgeoregister.nl/geonetwork/srv/dut/csw?service=CSW&version=2.0.2&request=GetRecordById&outputschema=http://www.isotc211.org/2005/gmd&elementsetname=full&id=8de2f5eb-b09f-4f6d-8397-8878a1b86238, https://www.nationaalgeoregister.nl:443/geonetwork/srv/dut/csw?service=CSW&request=GetRecordById&version=2.0.2&outputSchema=http://www.isotc211.org/2005/gmd&elementSetName=full&id=9b583730-e750-485a-9c0c-39bf9be72cf8, https://www.nationaalgeoregister.nl:443/geonetwork/srv/dut/csw?service=CSW&request=GetRecordById&version=2.0.2&outputSchema=http://www.isotc211.org/2005/gmd&elementSetName=full&id=a57cb859-c4fe-444c-adc6-be14cb2bbf36, https://www.nationaalgeoregister.nl:443/geonetwork/srv/dut/csw?service=CSW&request=GetRecordById&version=2.0.2&outputSchema=http://www.isotc211.org/2005/gmd&elementSetName=full&id=9b583730-e750-485a-9c0c-39bf9be72cf9, https://www.nationaalgeoregister.nl:443/geonetwork/srv/dut/csw?service=CSW&request=GetRecordById&version=2.0.2&outputSchema=http://www.isotc211.org/2005/gmd&elementSetName=full&id=a57cb859-c4fe-444c-adc6-be14cb2bbf38]","Beheer PDOK","[OGC:WFS, OGC:WFS, OGC:WFS, OGC:WFS, OGC:WFS, OGC:WFS]","Operates on:9b583730-e750-485a-9c0c-39bf9be72cf8 not found in Inspire CSW endpoint in service: 74620aa8-4fa2-414d-8350-50d93e500da8 Geluidskaarten Rijkswegen WFS","74620aa8-4fa2-414d-8350-50d93e500da8","wfs","download","","Geluidskaarten Rijkswegen WFS","https://geodata.nationaalgeoregister.nl/rwsgeluidskaarten/wfs?service=WFS&request=GetCapabilities"
"50eef6be-619d-4e16-9b92-48971109b636 8de2f5eb-b09f-4f6d-8397-8878a1b86238 9b583730-e750-485a-9c0c-39bf9be72cf8 a57cb859-c4fe-444c-adc6-be14cb2bbf36 9b583730-e750-485a-9c0c-39bf9be72cf9 a57cb859-c4fe-444c-adc6-be14cb2bbf38","[beheerPDOK@kadaster.nl, beheerPDOK@kadaster.nl]","Operates on has matching Inspire dataset","Nederlands metadata profiel op ISO 19119 voor services 2.1.0","[http://nationaalgeoregister.nl/geonetwork/srv/dut/csw?service=CSW&version=2.0.2&request=GetRecordById&outputschema=http://www.isotc211.org/2005/gmd&elementsetname=full&id=50eef6be-619d-4e16-9b92-48971109b636#MD_DataIdentification, http://nationaalgeoregister.nl/geonetwork/srv/dut/csw?service=CSW&version=2.0.2&request=GetRecordById&outputschema=http://www.isotc211.org/2005/gmd&elementsetname=full&id=8de2f5eb-b09f-4f6d-8397-8878a1b86238#MD_DataIdentification, https://www.nationaalgeoregister.nl:443/geonetwork/srv/dut/csw?service=CSW&request=GetRecordById&version=2.0.2&outputSchema=http://www.isotc211.org/2005/gmd&elementSetName=full&id=9b583730-e750-485a-9c0c-39bf9be72cf8#MD_DataIdentification, https://www.nationaalgeoregister.nl:443/geonetwork/srv/dut/csw?service=CSW&request=GetRecordById&version=2.0.2&outputSchema=http://www.isotc211.org/2005/gmd&elementSetName=full&id=a57cb859-c4fe-444c-adc6-be14cb2bbf36#MD_DataIdentification, https://www.nationaalgeoregister.nl:443/geonetwork/srv/dut/csw?service=CSW&request=GetRecordById&version=2.0.2&outputSchema=http://www.isotc211.org/2005/gmd&elementSetName=full&id=9b583730-e750-485a-9c0c-39bf9be72cf9#MD_DataIdentification, https://www.nationaalgeoregister.nl:443/geonetwork/srv/dut/csw?service=CSW&request=GetRecordById&version=2.0.2&outputSchema=http://www.isotc211.org/2005/gmd&elementSetName=full&id=a57cb859-c4fe-444c-adc6-be14cb2bbf38#MD_DataIdentification]","Beheer PDOK","[OGC:WMS, OGC:WMS, OGC:WMS, OGC:WMS]","Operates on:9b583730-e750-485a-9c0c-39bf9be72cf8 not found in Inspire CSW endpoint in service: 4b6752ae-65d6-44b5-98ef-1fc30f4fd92d Geluidskaarten Rijkswegen WMS","4b6752ae-65d6-44b5-98ef-1fc30f4fd92d","wms","view","","Geluidskaarten Rijkswegen WMS","https://geodata.nationaalgeoregister.nl/rwsgeluidskaarten/wms?request=GetCapabilities&service=wms"
"8829e5dd-c861-4639-a6c8-fdbb6e3440d2","[beheerPDOK@kadaster.nl, beheerPDOK@kadaster.nl]","Operates on has matching Inspire dataset","Nederlands metadata profiel op ISO 19119 voor services 2.1.0","http://nationaalgeoregister.nl/geonetwork/srv/dut/csw?service=CSW&version=2.0.2&request=GetRecordById&outputschema=http://www.isotc211.org/2005/gmd&elementsetname=full&id=8829e5dd-c861-4639-a6c8-fdbb6e3440d2#MD_DataIdentification","Beheer PDOK","OGC:WMS","Operates on:8829e5dd-c861-4639-a6c8-fdbb6e3440d2 not found in Inspire CSW endpoint in service: 9c80458b-12c6-4d38-8f6d-387ab6e4ed21 Natura2000 WMS","9c80458b-12c6-4d38-8f6d-387ab6e4ed21","wms","view","","Natura2000 WMS","https://geodata.nationaalgeoregister.nl/natura2000/wms?service=WMS&request=GetCapabilities"
"bffcd5d9-02b4-4e7d-991f-a386611cad84","[beheerpdok@kadaster.nl, beheerpdok@kadaster.nl]","Operates on has matching Inspire dataset","Nederlands metadata profiel op ISO 19119 voor services 2.0","https://www.nationaalgeoregister.nl:443/geonetwork/srv/dut/csw?service=CSW&request=GetRecordById&version=2.0.2&outputSchema=http://www.isotc211.org/2005/gmd&elementSetName=full&id=bffcd5d9-02b4-4e7d-991f-a386611cad84#MD_DataIdentification","Beheer PDOK","[OGC:WMS, OGC:WMS, OGC:WMS, OGC:WMS, OGC:WMS]","Operates on:bffcd5d9-02b4-4e7d-991f-a386611cad84 not found in Inspire CSW endpoint in service: 2650d49b-7d9a-49b5-b748-a0372cd9b5cf Waterschappen Nuts- en Overheidsdiensten INSPIRE WMS","2650d49b-7d9a-49b5-b748-a0372cd9b5cf","wms","view","","Waterschappen Nuts- en Overheidsdiensten INSPIRE WMS","http://geodata.nationaalgeoregister.nl/wsdiensteninspire/wms?request=getcapabilities&service=WMS"
"ed960299-a147-4c1a-bc57-41ff83a2264f","[beheerPDOK@kadaster.nl, beheerPDOK@kadaster.nl]","Operates on has matching Inspire dataset","Nederlands metadata profiel op ISO 19119 voor services 2.1.0","https://www.nationaalgeoregister.nl/geonetwork/srv/dut/csw?service=CSW&request=GetRecordById&version=2.0.2&outputSchema=http://www.isotc211.org/2005/gmd&elementSetName=full&id=ed960299-a147-4c1a-bc57-41ff83a2264f#MD_DataIdentification","Beheer PDOK","INSPIRE Atom","Operates on:ed960299-a147-4c1a-bc57-41ff83a2264f not found in Inspire CSW endpoint in service: 66805d91-a5f6-4265-bd36-ef13a429c97e BRO - Bodemkaart ATOM v1","66805d91-a5f6-4265-bd36-ef13a429c97e","atom","download","","BRO - Bodemkaart ATOM v1","https://geodata.nationaalgeoregister.nl/bzk/bro-bodemkaart/atom/v1_0/index.xml"
"3373be8c-8539-4763-bc22-eba23ac1898f","[beheerPDOK@kadaster.nl, beheerPDOK@kadaster.nl]","Operates on has matching Inspire dataset","Nederlands metadata profiel op ISO 19119 voor services 2.0","http://nationaalgeoregister.nl/geonetwork/srv/dut/csw?service=CSW&version=2.0.2&request=GetRecordById&outputschema=http://www.isotc211.org/2005/gmd&elementsetname=full&id=3373be8c-8539-4763-bc22-eba23ac1898f#MD_DataIdentification","Beheer PDOK","[UKST, UKST, UKST]","Operates on:3373be8c-8539-4763-bc22-eba23ac1898f not found in Inspire CSW endpoint in service: 6d23a02b-5a8a-447e-a481-ddb2a085c1fb BRT achtergrondkaart TMS","6d23a02b-5a8a-447e-a481-ddb2a085c1fb","unknown","other","","BRT achtergrondkaart TMS","https://geodata.nationaalgeoregister.nl/tiles/service/tms/1.0.0/brtachtergrondkaart/EPSG:28992"
"3373be8c-8539-4763-bc22-eba23ac1898f","[beheerPDOK@kadaster.nl, beheerPDOK@kadaster.nl]","Operates on has matching Inspire dataset","Nederlands metadata profiel op ISO 19119 voor services 2.1.0","http://nationaalgeoregister.nl/geonetwork/srv/dut/csw?service=CSW&version=2.0.2&request=GetRecordById&outputschema=http://www.isotc211.org/2005/gmd&elementsetname=full&id=3373be8c-8539-4763-bc22-eba23ac1898f#MD_DataIdentification","Beheer PDOK","OGC:WMTS","Operates on:3373be8c-8539-4763-bc22-eba23ac1898f not found in Inspire CSW endpoint in service: 6d23a02b-5a8a-447e-a481-ddb2a085c1fa BRT achtergrondkaart WMTS","6d23a02b-5a8a-447e-a481-ddb2a085c1fa","wmts","other","","BRT achtergrondkaart WMTS","https://geodata.nationaalgeoregister.nl/tiles/service/wmts?request=GetCapabilities&service=wmts"
"8f52e76f-c96d-4df3-a778-279c2164372b","[beheerpdok@kadaster.nl, beheerpdok@kadaster.nl]","Operates on has matching Inspire dataset","Nederlands metadata profiel op ISO 19119 voor services 2.1.0","https://www.nationaalgeoregister.nl/geonetwork/srv/dut/csw?service=CSW&request=GetRecordById&version=2.0.2&outputSchema=http://www.isotc211.org/2005/gmd&elementSetName=full&id=8f52e76f-c96d-4df3-a778-279c2164372b#MD_DataIdentification","Beheer PDOK","INSPIRE Atom","Operates on:8f52e76f-c96d-4df3-a778-279c2164372b not found in Inspire CSW endpoint in service: 56e8ce20-0e6f-4ef2-8c09-6e30bc3680b9 BRO Geomorfologische Kaart van Nederland 2019 V1 ATOM","56e8ce20-0e6f-4ef2-8c09-6e30bc3680b9","atom","download","","BRO Geomorfologische Kaart van Nederland 2019 V1 ATOM","https://geodata.nationaalgeoregister.nl/bzk/brogmm/atom/v1_0/index.xml"
"00d8c7c8-98ff-4b06-8f53-b44216e6e75c 701d4eb8-8aae-4708-bba5-3edf6987676d","[beheerPDOK@kadaster.nl, beheerPDOK@kadaster.nl]","Operates on has matching Inspire dataset","Nederlands metadata profiel op ISO 19119 voor services 2.0","[http://nationaalgeoregister.nl/geonetwork/srv/dut/csw?service=CSW&version=2.0.2&request=GetRecordById&outputschema=http://www.isotc211.org/2005/gmd&elementsetname=full&id=00d8c7c8-98ff-4b06-8f53-b44216e6e75c#MD_DataIdentification, http://nationaalgeoregister.nl/geonetwork/srv/dut/csw?service=CSW&version=2.0.2&request=GetRecordById&outputschema=http://www.isotc211.org/2005/gmd&elementsetname=full&id=701d4eb8-8aae-4708-bba5-3edf6987676d#MD_DataIdentification]","Beheer PDOK","[OGC:WMS, OGC:WMS]","Operates on:701d4eb8-8aae-4708-bba5-3edf6987676d not found in Inspire CSW endpoint in service: 598c4109-21d2-4a6c-b083-9975a6736849 NWB - Vaarwegen (Nationaal Wegen Bestand) WMS","598c4109-21d2-4a6c-b083-9975a6736849","wms","view","","NWB - Vaarwegen (Nationaal Wegen Bestand) WMS","https://geodata.nationaalgeoregister.nl/nwbvaarwegen/wms?request=getCapabilities&service=WMS"
"622a632a-c57b-44a2-83a4-e51223d5f15g 782cab20-8328-45f1-a9b2-c27d07c14066 f7bb2351-9788-42ea-a58b-a5ee1842304e 2e31680f-68b5-4ff3-94a4-9c24109ffd5e","[beheerpdok@kadaster.nl, beheerpdok@kadaster.nl]","Operates on has matching Inspire dataset","Nederlands metadata profiel op ISO 19119 voor services 2.1.0","[https://www.nationaalgeoregister.nl/geonetwork/srv/dut/csw?service=CSW&request=GetRecordById&version=2.0.2&outputSchema=http://www.isotc211.org/2005/gmd&elementSetName=full&id=622a632a-c57b-44a2-83a4-e51223d5f15g#MD_DataIdentification, https://www.nationaalgeoregister.nl/geonetwork/srv/dut/csw?service=CSW&request=GetRecordById&version=2.0.2&outputSchema=http://www.isotc211.org/2005/gmd&elementSetName=full&id=782cab20-8328-45f1-a9b2-c27d07c14066#MD_DataIdentification, https://www.nationaalgeoregister.nl/geonetwork/srv/dut/csw?service=CSW&request=GetRecordById&version=2.0.2&outputSchema=http://www.isotc211.org/2005/gmd&elementSetName=full&id=f7bb2351-9788-42ea-a58b-a5ee1842304e#MD_DataIdentification, https://www.nationaalgeoregister.nl/geonetwork/srv/dut/csw?service=CSW&request=GetRecordById&version=2.0.2&outputSchema=http://www.isotc211.org/2005/gmd&elementSetName=full&id=2e31680f-68b5-4ff3-94a4-9c24109ffd5e#MD_DataIdentification]","Beheer PDOK","[OGC:WMS, OGC:WMS, OGC:WMS, OGC:WMS]","Operates on:782cab20-8328-45f1-a9b2-c27d07c14066 not found in Inspire CSW endpoint in service: d4e573b0-bd3b-4d7b-a97d-e65841e6e0b4 Kaderrichtlijn Water actueel WMS","d4e573b0-bd3b-4d7b-a97d-e65841e6e0b4","wms","view","","Kaderrichtlijn Water actueel WMS","https://geodata.nationaalgeoregister.nl/rws/kaderrichtlijnwateractueel/wms/v1_0?service=WMS&request=GetCapabilities"
